,cum_infections,cum_reinfections,cum_infectious,cum_symptomatic,cum_severe,cum_critical,cum_recoveries,cum_deaths,cum_tests,cum_diagnoses,cum_known_deaths,cum_quarantined,cum_vaccinations,cum_vaccinated,new_infections,new_reinfections,new_infectious,new_symptomatic,new_severe,new_critical,new_recoveries,new_deaths,new_tests,new_diagnoses,new_known_deaths,new_quarantined,new_vaccinations,new_vaccinated,n_susceptible,n_exposed,n_infectious,n_symptomatic,n_severe,n_critical,n_recovered,n_dead,n_diagnosed,n_known_dead,n_quarantined,n_vaccinated,n_alive,n_naive,n_preinfectious,n_removed,prevalence,incidence,r_eff,doubling_time,test_yield,rel_test_yield,frac_vaccinated,pop_nabs,pop_protection,pop_symp_protection,iq_factor,cluster_size,vax_coverage,vax_efficacy,day_max_new_infections,r_eff_07,r_eff_15,r_eff_30,r_eff_60,r_eff_75,r_eff_90
mean,137.948,0.0,137.323,11.0,0.0,0.0,135.722,0.0,720096.0,8.77,0.0,469.649,0.0,0.0,0.123,0.0,0.168,0.0,0.0,0.0,0.25,0.0,0.0,0.0,0.0,0.139,0.0,0.0,5099862.052,2.226,1.601,0.0,0.0,0.0,135.722,0.0,8.77,0.0,2.029,200000.0,5100000.0,5099862.052,0.625,135.722,4.3647058823529427e-07,2.4119083446348282e-08,0.11619382283319682,29.992560328449592,0.0,0.0,0.03921568627450968,0.0,0.0,0.0,0.0,20.0,1.0,0.85,13.731,1.1205427830485515,0.7363384398289117,0.7167225100052198,0.374714589974142,0.22536383540171012,0.15665822593814932
median,92.0,0.0,92.0,11.0,0.0,0.0,91.0,0.0,720096.0,9.0,0.0,468.0,0.0,0.0,0.0,0.0,0.0,0.0,0.0,0.0,0.0,0.0,0.0,0.0,0.0,0.0,0.0,0.0,5099908.0,0.0,0.0,0.0,0.0,0.0,91.0,0.0,9.0,0.0,0.0,200000.0,5100000.0,5099908.0,0.0,91.0,0.0,0.0,0.0,30.0,0.0,0.0,0.0392156862745098,0.0,0.0,0.0,0.0,20.0,1.0,0.85,8.0,1.0857620843068716,0.6257378323512186,0.6289021713917718,0.0,0.0,0.0
std,104.70313291416853,0.0,103.72920716663856,0.0,0.0,0.0,101.23129205186748,0.0,0.0,1.9552296343199493,0.0,102.09234371707629,0.0,0.0,0.5423699523066937,0.0,0.707302111036208,0.0,0.0,0.0,0.8568746899250989,0.0,0.0,0.0,0.0,1.7206509348614667,0.0,0.0,104.70313291416853,7.064334988435134,4.912426175621466,0.0,0.0,0.0,101.23129205186748,0.0,1.9552296343199493,0.0,13.988417881763285,0.0,0.0,104.70313291416853,2.337057302856915,101.23129205186748,1.3851637232225752e-06,1.0635327902886107e-07,0.596436549772567,0.08183638705449393,0.0,0.0,1.38847319102294e-17,0.0,0.0,0.0,0.0,20.0,1.0,0.85,13.381951987658601,0.43534621571238175,0.5359912298196837,0.6792808007526742,0.9953608337147671,0.5040040639046861,0.49279206551423654
