,cum_infections,cum_reinfections,cum_infectious,cum_symptomatic,cum_severe,cum_critical,cum_recoveries,cum_deaths,cum_tests,cum_diagnoses,cum_known_deaths,cum_quarantined,cum_vaccinations,cum_vaccinated,new_infections,new_reinfections,new_infectious,new_symptomatic,new_severe,new_critical,new_recoveries,new_deaths,new_tests,new_diagnoses,new_known_deaths,new_quarantined,new_vaccinations,new_vaccinated,n_susceptible,n_exposed,n_infectious,n_symptomatic,n_severe,n_critical,n_recovered,n_dead,n_diagnosed,n_known_dead,n_quarantined,n_vaccinated,n_alive,n_naive,n_preinfectious,n_removed,prevalence,incidence,r_eff,doubling_time,test_yield,rel_test_yield,frac_vaccinated,pop_nabs,pop_protection,pop_symp_protection,iq_factor,cluster_size,vax_coverage,vax_efficacy,day_max_new_infections,r_eff_07,r_eff_15,r_eff_30,r_eff_60,r_eff_75,r_eff_90
mean,52.52,0.0,52.52,32.088,1.263,0.365,52.373,0.145,720096.0,22.147,0.13,1210.798,0.0,0.0,0.0,0.0,0.0,0.0,0.0,0.0,0.0,0.0,0.0,0.0,0.0,0.0,0.0,0.0,5099947.48,0.002,0.002,0.002,0.001,0.0,52.373,0.145,22.147,0.13,0.038,170000.0,5099999.855,5099947.48,0.0,52.518,3.9215690119185685e-10,0.0,0.0,,0.0,0.0,0.03333333428104658,0.0,0.0,0.0,0.0,20.0,0.85,1.0,5.968,0.8908446146796789,0.351848509220725,0.21154590179733124,0.011095937951473499,0.0,0.0
median,51.0,0.0,51.0,31.0,1.0,0.0,50.5,0.0,720096.0,21.0,0.0,1158.5,0.0,0.0,0.0,0.0,0.0,0.0,0.0,0.0,0.0,0.0,0.0,0.0,0.0,0.0,0.0,0.0,5099949.0,0.0,0.0,0.0,0.0,0.0,50.5,0.0,21.0,0.0,0.0,170000.0,5100000.0,5099949.0,0.0,51.0,0.0,0.0,0.0,,0.0,0.0,0.03333333333333333,0.0,0.0,0.0,0.0,20.0,0.85,1.0,5.0,0.862610296264648,0.2814909342388024,0.0,0.0,0.0,0.0
std,13.474166139437095,0.0,13.474166139437095,8.879589129182898,1.254354178214592,0.6034394245814065,13.413642189830352,0.38745983678973117,0.0,6.254479155733874,0.36774343669905957,331.8543996070242,0.0,0.0,0.0,0.0,0.0,0.0,0.0,0.0,0.0,0.0,0.0,0.0,0.0,0.0,0.0,0.0,13.474166139437097,0.04469897088298564,0.04469897088298564,0.04469897088298564,0.0316227766016838,0.0,13.413642189830352,0.38745983678973117,6.254479155733874,0.36774343669905957,1.2016655108639842,0.0,0.38745983678973117,13.474166139437097,0.0,13.471271326461773,8.764504953968384e-09,0.0,0.0,,0.0,0.0,2.5324178908460678e-09,0.0,0.0,0.0,0.0,20.0,0.85,1.0,2.720841046441339,0.3461679874921576,0.30492048526001136,0.46468786580977567,0.11508985492343272,0.0,0.0
