,cum_infections,cum_reinfections,cum_infectious,cum_symptomatic,cum_severe,cum_critical,cum_recoveries,cum_deaths,cum_tests,cum_diagnoses,cum_known_deaths,cum_quarantined,cum_vaccinations,cum_vaccinated,new_infections,new_reinfections,new_infectious,new_symptomatic,new_severe,new_critical,new_recoveries,new_deaths,new_tests,new_diagnoses,new_known_deaths,new_quarantined,new_vaccinations,new_vaccinated,n_susceptible,n_exposed,n_infectious,n_symptomatic,n_severe,n_critical,n_recovered,n_dead,n_diagnosed,n_known_dead,n_quarantined,n_vaccinated,n_alive,n_naive,n_preinfectious,n_removed,prevalence,incidence,r_eff,doubling_time,test_yield,rel_test_yield,frac_vaccinated,pop_nabs,pop_protection,pop_symp_protection,iq_factor,cluster_size,vax_coverage,vax_efficacy,day_max_new_infections,r_eff_07,r_eff_15,r_eff_30,r_eff_60,r_eff_75,r_eff_90
mean,61.914,0.0,61.868,11.0,0.0,0.0,61.771,0.0,720096.0,7.804,0.0,409.413,0.0,0.0,0.011,0.0,0.008,0.0,0.0,0.0,0.023,0.0,0.0,0.0,0.0,0.015,0.0,0.0,5099938.086,0.143,0.097,0.0,0.0,0.0,61.771,0.0,7.804,0.0,0.227,200000.0,5100000.0,5099938.086,0.046,61.771,2.80392156862745e-08,2.156933604825019e-09,0.017256766758759576,30.0,0.0,0.0,0.03921568627450968,0.0,0.0,0.0,0.0,20.0,1.0,0.9,8.788,0.7565063954050584,0.48472367485073,0.4569050202677539,0.0982202241219297,0.043954367801398664,0.01864815755313341
median,50.0,0.0,50.0,11.0,0.0,0.0,50.0,0.0,720096.0,8.0,0.0,415.0,0.0,0.0,0.0,0.0,0.0,0.0,0.0,0.0,0.0,0.0,0.0,0.0,0.0,0.0,0.0,0.0,5099950.0,0.0,0.0,0.0,0.0,0.0,50.0,0.0,8.0,0.0,0.0,200000.0,5100000.0,5099950.0,0.0,50.0,0.0,0.0,0.0,30.0,0.0,0.0,0.0392156862745098,0.0,0.0,0.0,0.0,20.0,1.0,0.9,6.0,0.7240046922623418,0.39495276344664443,0.07472362472624104,0.0,0.0,0.0
std,36.10670710959805,0.0,35.984572603623704,0.0,0.0,0.0,35.74412121176294,0.0,0.0,1.7540412368757643,0.0,102.04016182673186,0.0,0.0,0.13746962536465246,0.0,0.11810990623123002,0.0,0.0,0.0,0.23350701386794687,0.0,0.0,0.0,0.0,0.3910600055335855,0.0,0.0,36.106707109598055,1.1497273036998263,0.7470938021086436,0.0,0.0,0.0,35.74412121176294,0.0,1.7540412368757643,0.0,4.547323294988949,0.0,0.0,36.106707109598055,0.4797021097661695,35.74412121176294,2.2543672621565225e-07,2.6955718991737614e-08,0.21740870961899947,0.0,0.0,0.0,1.38847319102294e-17,0.0,0.0,0.0,0.0,20.0,1.0,0.9,8.230738484486068,0.3085149010703912,0.41697231220138603,0.780810258007896,0.36878763059542136,0.29229163732282604,0.1745839941712756
