,cum_infections,cum_reinfections,cum_infectious,cum_symptomatic,cum_severe,cum_critical,cum_recoveries,cum_deaths,cum_tests,cum_diagnoses,cum_known_deaths,cum_quarantined,cum_vaccinations,cum_vaccinated,new_infections,new_reinfections,new_infectious,new_symptomatic,new_severe,new_critical,new_recoveries,new_deaths,new_tests,new_diagnoses,new_known_deaths,new_quarantined,new_vaccinations,new_vaccinated,n_susceptible,n_exposed,n_infectious,n_symptomatic,n_severe,n_critical,n_recovered,n_dead,n_diagnosed,n_known_dead,n_quarantined,n_vaccinated,n_alive,n_naive,n_preinfectious,n_removed,prevalence,incidence,r_eff,doubling_time,test_yield,rel_test_yield,frac_vaccinated,pop_nabs,pop_protection,pop_symp_protection,iq_factor,cluster_size,vax_coverage,vax_efficacy,day_max_new_infections,r_eff_07,r_eff_15,r_eff_30,r_eff_60,r_eff_75,r_eff_90
mean,25.966,0.0,25.966,14.923,0.265,0.074,25.942,0.024,720096.0,10.058,0.023,539.031,0.0,0.0,0.0,0.0,0.0,0.0,0.0,0.0,0.0,0.0,0.0,0.0,0.0,0.0,0.0,0.0,5099974.034,0.0,0.0,0.0,0.0,0.0,25.942,0.024,10.058,0.023,0.0,190000.0,5099999.976,5099974.034,0.0,25.966,0.0,0.0,0.0,,0.0,0.0,0.037254902136102414,0.0,0.0,0.0,0.0,20.0,0.95,1.0,5.252,0.22566070381788,0.10907270880516982,0.014338001285475976,0.0,0.0,0.0
median,26.0,0.0,26.0,15.0,0.0,0.0,26.0,0.0,720096.0,10.0,0.0,537.0,0.0,0.0,0.0,0.0,0.0,0.0,0.0,0.0,0.0,0.0,0.0,0.0,0.0,0.0,0.0,0.0,5099974.0,0.0,0.0,0.0,0.0,0.0,26.0,0.0,10.0,0.0,0.0,190000.0,5100000.0,5099974.0,0.0,26.0,0.0,0.0,0.0,,0.0,0.0,0.03725490196078431,0.0,0.0,0.0,0.0,20.0,0.95,1.0,5.0,0.2046846281165667,0.0,0.0,0.0,0.0,0.0
std,2.762331347697896,0.0,2.762331347697896,2.0922352755960425,0.5167611073233376,0.26190187588597497,2.748852886604191,0.15312559370479986,0.0,2.1944136919577066,0.1499783100768024,123.7668949407849,0.0,0.0,0.0,0.0,0.0,0.0,0.0,0.0,0.0,0.0,0.0,0.0,0.0,0.0,0.0,0.0,2.762331347697896,0.0,0.0,0.0,0.0,0.0,2.748852886604191,0.15312559370479986,2.1944136919577066,0.1499783100768024,0.0,0.0,0.15312559370479986,2.762331347697896,0.0,2.762331347697896,0.0,0.0,0.0,,0.0,0.0,1.118564725442158e-09,0.0,0.0,0.0,0.0,20.0,0.95,1.0,2.092485603295755,0.12675171731021354,0.20544984244189132,0.17761715233226275,0.0,0.0,0.0
