,cum_infections,cum_reinfections,cum_infectious,cum_symptomatic,cum_severe,cum_critical,cum_recoveries,cum_deaths,cum_tests,cum_diagnoses,cum_known_deaths,cum_quarantined,cum_vaccinations,cum_vaccinated,new_infections,new_reinfections,new_infectious,new_symptomatic,new_severe,new_critical,new_recoveries,new_deaths,new_tests,new_diagnoses,new_known_deaths,new_quarantined,new_vaccinations,new_vaccinated,n_susceptible,n_exposed,n_infectious,n_symptomatic,n_severe,n_critical,n_recovered,n_dead,n_diagnosed,n_known_dead,n_quarantined,n_vaccinated,n_alive,n_naive,n_preinfectious,n_removed,prevalence,incidence,r_eff,doubling_time,test_yield,rel_test_yield,frac_vaccinated,pop_nabs,pop_protection,pop_symp_protection,iq_factor,cluster_size,vax_coverage,vax_efficacy,day_max_new_infections,r_eff_07,r_eff_15,r_eff_30,r_eff_60,r_eff_75,r_eff_90
mean,35.763,0.0,35.763,21.26,0.62,0.189,35.691,0.072,720096.0,14.665,0.064,821.319,0.0,0.0,0.0,0.0,0.0,0.0,0.0,0.0,0.0,0.0,0.0,0.0,0.0,0.0,0.0,0.0,5099964.237,0.0,0.0,0.0,0.0,0.0,35.691,0.072,14.665,0.064,0.0,180000.0,5099999.928,5099964.237,0.0,35.763,0.0,0.0,0.0,,0.0,0.0,0.03529411814532904,0.0,0.0,0.0,0.0,20.0,0.9,1.0,6.019,0.5191641735311877,0.27147106067633386,0.11492097813327114,0.0,0.0,0.0
median,35.0,0.0,35.0,21.0,0.0,0.0,35.0,0.0,720096.0,14.0,0.0,796.5,0.0,0.0,0.0,0.0,0.0,0.0,0.0,0.0,0.0,0.0,0.0,0.0,0.0,0.0,0.0,0.0,5099965.0,0.0,0.0,0.0,0.0,0.0,35.0,0.0,14.0,0.0,0.0,180000.0,5100000.0,5099965.0,0.0,35.0,0.0,0.0,0.0,,0.0,0.0,0.03529411764705882,0.0,0.0,0.0,0.0,20.0,0.9,1.0,5.0,0.5112362928394361,0.19523489298163943,0.0,0.0,0.0,0.0
std,6.696243026553821,0.0,6.696243026553821,4.583165435090185,0.7988981400893597,0.4466301361064639,6.663927290039029,0.2736620011819158,0.0,3.534298553640632,0.25291889602789264,203.4157840980395,0.0,0.0,0.0,0.0,0.0,0.0,0.0,0.0,0.0,0.0,0.0,0.0,0.0,0.0,0.0,0.0,6.69624302655382,0.0,0.0,0.0,0.0,0.0,6.663927290039029,0.2736620011819158,3.534298553640632,0.25291889602789264,0.0,0.0,0.27366200118191586,6.69624302655382,0.0,6.696243026553821,0.0,0.0,0.0,,0.0,0.0,1.893855127044033e-09,0.0,0.0,0.0,0.0,20.0,0.9,1.0,2.656057040050157,0.2081879312654767,0.291190425868571,0.40536454938253214,0.0,0.0,0.0
