,cum_infections,cum_reinfections,cum_infectious,cum_symptomatic,cum_severe,cum_critical,cum_recoveries,cum_deaths,cum_tests,cum_diagnoses,cum_known_deaths,cum_quarantined,cum_vaccinations,cum_vaccinated,new_infections,new_reinfections,new_infectious,new_symptomatic,new_severe,new_critical,new_recoveries,new_deaths,new_tests,new_diagnoses,new_known_deaths,new_quarantined,new_vaccinations,new_vaccinated,n_susceptible,n_exposed,n_infectious,n_symptomatic,n_severe,n_critical,n_recovered,n_dead,n_diagnosed,n_known_dead,n_quarantined,n_vaccinated,n_alive,n_naive,n_preinfectious,n_removed,prevalence,incidence,r_eff,doubling_time,test_yield,rel_test_yield,frac_vaccinated,pop_nabs,pop_protection,pop_symp_protection,iq_factor,cluster_size,vax_coverage,vax_efficacy,day_max_new_infections,r_eff_07,r_eff_15,r_eff_30,r_eff_60,r_eff_75,r_eff_90
mean,40.707,0.0,40.706,23.308,0.614,0.198,40.628,0.072,720096.0,15.929,0.062,889.023,0.0,0.0,0.0,0.0,0.0,0.0,0.0,0.0,0.002,0.0,0.0,0.0,0.0,0.005,0.0,0.0,5099959.293,0.007,0.006,0.005,0.002,0.0,40.628,0.072,15.929,0.062,0.675,158695.0,5099999.928,5099959.293,0.001,40.7,1.3725490196078431e-09,0.0,0.0,,0.0,0.0,0.0311166671059603,0.0,0.0,0.0,0.0,20.0,0.9,1.0,8.268,0.593726658738882,0.37076996709905446,0.25999239020963905,0.043107308027635724,0.006656873914552743,0.0003542491288672276
median,37.0,0.0,37.0,21.0,0.0,0.0,37.0,0.0,720096.0,15.0,0.0,823.0,0.0,0.0,0.0,0.0,0.0,0.0,0.0,0.0,0.0,0.0,0.0,0.0,0.0,0.0,0.0,0.0,5099963.0,0.0,0.0,0.0,0.0,0.0,37.0,0.0,15.0,0.0,0.0,158695.0,5100000.0,5099963.0,0.0,37.0,0.0,0.0,0.0,,0.0,0.0,0.031116666666666667,0.0,0.0,0.0,0.0,20.0,0.9,1.0,7.0,0.5729101369222055,0.27500125806009046,0.0,0.0,0.0,0.0
std,13.398681863365354,0.0,13.391523322493857,7.46115304794137,0.8060109513236491,0.4254138890268828,13.338648189960463,0.26624591431022354,0.0,5.286199287096817,0.2494357997926885,306.91306603189946,0.0,0.0,0.0,0.0,0.0,0.0,0.0,0.0,0.0632455532033676,0.0,0.0,0.0,0.0,0.10481405433426377,0.0,0.0,13.398681863365354,0.2213594362117865,0.1897366596101028,0.158113883008419,0.0632455532033676,0.0,13.338648189960463,0.26624591431022354,5.286199287096817,0.2494357997926885,18.781323518674427,0.0,0.26624591431022354,13.398681863365354,0.0316227766016838,13.35006457753011,4.340381102191894e-08,0.0,0.0,,0.0,0.0,1.6244484643190275e-09,0.0,0.0,0.0,0.0,20.0,0.9,1.0,5.810178654740318,0.2275334941082368,0.39048602953037886,0.7807767826308333,1.0733034500547758,0.10997549032033264,0.011196738491984454
