,cum_infections,cum_reinfections,cum_infectious,cum_symptomatic,cum_severe,cum_critical,cum_recoveries,cum_deaths,cum_tests,cum_diagnoses,cum_known_deaths,cum_quarantined,cum_vaccinations,cum_vaccinated,new_infections,new_reinfections,new_infectious,new_symptomatic,new_severe,new_critical,new_recoveries,new_deaths,new_tests,new_diagnoses,new_known_deaths,new_quarantined,new_vaccinations,new_vaccinated,n_susceptible,n_exposed,n_infectious,n_symptomatic,n_severe,n_critical,n_recovered,n_dead,n_diagnosed,n_known_dead,n_quarantined,n_vaccinated,n_alive,n_naive,n_preinfectious,n_removed,prevalence,incidence,r_eff,doubling_time,test_yield,rel_test_yield,frac_vaccinated,pop_nabs,pop_protection,pop_symp_protection,iq_factor,cluster_size,vax_coverage,vax_efficacy,day_max_new_infections,r_eff_07,r_eff_15,r_eff_30,r_eff_60,r_eff_75,r_eff_90
mean,31.691,0.0,31.691,17.146,0.012,0.001,31.69,0.001,720096.0,11.551,0.001,646.076,0.0,0.0,0.0,0.0,0.0,0.0,0.0,0.0,0.0,0.0,0.0,0.0,0.0,0.0,0.0,0.0,5099968.309,0.0,0.0,0.0,0.0,0.0,31.69,0.001,11.551,0.001,0.041,176328.0,5099999.999,5099968.309,0.0,31.691,0.0,0.0,0.0,,0.0,0.0,0.03457411765383771,0.0,0.0,0.0,0.0,20.0,1.0,1.0,9.321,0.3418382331434019,0.41660879783478527,0.21576971212007193,0.003246791837555168,0.0023693408331461486,0.0
median,28.5,0.0,28.5,16.0,0.0,0.0,28.5,0.0,720096.0,11.0,0.0,607.0,0.0,0.0,0.0,0.0,0.0,0.0,0.0,0.0,0.0,0.0,0.0,0.0,0.0,0.0,0.0,0.0,5099971.5,0.0,0.0,0.0,0.0,0.0,28.5,0.0,11.0,0.0,0.0,176328.0,5100000.0,5099971.5,0.0,28.5,0.0,0.0,0.0,,0.0,0.0,0.034574117647058825,0.0,0.0,0.0,0.0,20.0,1.0,1.0,7.0,0.3173506077802989,0.26292903604739204,0.0,0.0,0.0,0.0
std,10.154833314222328,0.0,10.154833314222328,5.334711158361167,0.10893974420691409,0.0316227766016838,10.154753518378426,0.0316227766016838,0.0,3.881554516616437,0.0316227766016838,238.31065900247557,0.0,0.0,0.0,0.0,0.0,0.0,0.0,0.0,0.0,0.0,0.0,0.0,0.0,0.0,0.0,0.0,10.154833314222328,0.0,0.0,0.0,0.0,0.0,10.154753518378426,0.0316227766016838,3.881554516616437,0.0316227766016838,1.2965338406690357,0.0,0.03162277660168379,10.154833314222328,0.0,10.154833314222328,0.0,0.0,0.0,,0.0,0.0,2.14378394767601e-10,0.0,0.0,0.0,0.0,20.0,1.0,1.0,6.43987259190739,0.18189746679701813,0.5164607418973203,0.6752553517110536,0.04797648277328518,0.06316104682441383,0.0
