,cum_infections,cum_reinfections,cum_infectious,cum_symptomatic,cum_severe,cum_critical,cum_recoveries,cum_deaths,cum_tests,cum_diagnoses,cum_known_deaths,cum_quarantined,cum_vaccinations,cum_vaccinated,new_infections,new_reinfections,new_infectious,new_symptomatic,new_severe,new_critical,new_recoveries,new_deaths,new_tests,new_diagnoses,new_known_deaths,new_quarantined,new_vaccinations,new_vaccinated,n_susceptible,n_exposed,n_infectious,n_symptomatic,n_severe,n_critical,n_recovered,n_dead,n_diagnosed,n_known_dead,n_quarantined,n_vaccinated,n_alive,n_naive,n_preinfectious,n_removed,prevalence,incidence,r_eff,doubling_time,test_yield,rel_test_yield,frac_vaccinated,pop_nabs,pop_protection,pop_symp_protection,iq_factor,cluster_size,vax_coverage,vax_efficacy,day_max_new_infections,r_eff_07,r_eff_15,r_eff_30,r_eff_60,r_eff_75,r_eff_90
mean,52.365,0.0,52.344,19.529,0.018,0.0,52.272,0.0,720096.0,13.336,0.0,757.793,0.0,0.0,0.005,0.0,0.009,0.003,0.0,0.0,0.01,0.0,0.0,0.0,0.0,0.172,0.0,0.0,5099947.635,0.093,0.072,0.028,0.0,0.0,52.272,0.0,13.336,0.0,2.137,176328.0,5100000.0,5099947.635,0.021,52.272,1.823529411764706e-08,9.8042233849992e-10,0.004170824469579815,30.0,0.0,0.0,0.034574117647058464,0.0,0.0,0.0,0.0,20.0,1.0,0.9,8.738,0.7315664221163839,0.49650906978229964,0.3867699837165313,0.07338807849943063,0.023132081037473363,0.025127410371905818
median,46.0,0.0,46.0,17.0,0.0,0.0,46.0,0.0,720096.0,12.0,0.0,692.0,0.0,0.0,0.0,0.0,0.0,0.0,0.0,0.0,0.0,0.0,0.0,0.0,0.0,0.0,0.0,0.0,5099954.0,0.0,0.0,0.0,0.0,0.0,46.0,0.0,12.0,0.0,0.0,176328.0,5100000.0,5099954.0,0.0,46.0,0.0,0.0,0.0,30.0,0.0,0.0,0.034574117647058825,0.0,0.0,0.0,0.0,20.0,1.0,0.9,7.0,0.7122163077409309,0.3947330421251556,0.0,0.0,0.0,0.0
std,23.077615807343516,0.0,22.98699776104018,7.859703170854096,0.13301764429463367,0.0,22.722639246670585,0.0,0.0,5.275503287358935,0.0,317.87683752490494,0.0,0.0,0.09478388040159562,0.0,0.16415220359759397,0.054717401199198004,0.0,0.0,0.14113794642093927,0.0,0.0,0.0,0.0,2.696606698739675,0.0,0.0,23.077615807343516,1.3638956012874346,1.091791192494246,0.4352073131341034,0.0,0.0,22.722639246670585,0.0,5.275503287358935,0.0,23.66893426940574,0.0,0.0,23.077615807343516,0.34738980940678116,22.722639246670585,2.674305100563596e-07,1.8585649983634995e-08,0.09202696588550549,0.0,0.0,0.0,6.9423659551147e-18,0.0,0.0,0.0,0.0,20.0,1.0,0.9,7.6173063480471885,0.28206863358908135,0.4310517211625517,0.6661625556255057,0.7581545521619147,0.3054714276666223,0.5575107648093751
