,cum_infections,cum_reinfections,cum_infectious,cum_symptomatic,cum_severe,cum_critical,cum_recoveries,cum_deaths,cum_tests,cum_diagnoses,cum_known_deaths,cum_quarantined,cum_vaccinations,cum_vaccinated,new_infections,new_reinfections,new_infectious,new_symptomatic,new_severe,new_critical,new_recoveries,new_deaths,new_tests,new_diagnoses,new_known_deaths,new_quarantined,new_vaccinations,new_vaccinated,n_susceptible,n_exposed,n_infectious,n_symptomatic,n_severe,n_critical,n_recovered,n_dead,n_diagnosed,n_known_dead,n_quarantined,n_vaccinated,n_alive,n_naive,n_preinfectious,n_removed,prevalence,incidence,r_eff,doubling_time,test_yield,rel_test_yield,frac_vaccinated,pop_nabs,pop_protection,pop_symp_protection,iq_factor,cluster_size,vax_coverage,vax_efficacy,day_max_new_infections,r_eff_07,r_eff_15,r_eff_30,r_eff_60,r_eff_75,r_eff_90
mean,38.149,0.0,38.149,20.519,0.014,0.0,38.149,0.0,720096.0,13.959,0.0,787.169,0.0,0.0,0.0,0.0,0.0,0.0,0.0,0.0,0.0,0.0,0.0,0.0,0.0,0.0,0.0,0.0,5099961.851,0.0,0.0,0.0,0.0,0.0,38.149,0.0,13.959,0.0,0.172,176328.0,5100000.0,5099961.851,0.0,38.149,0.0,0.0,0.0,,0.0,0.0,0.034574117647058464,0.0,0.0,0.0,0.0,20.0,1.0,1.0,10.263,0.4532682448484204,0.5222664644395995,0.25693783896772504,0.02170829046624103,0.004575572628235682,0.0
median,33.0,0.0,33.0,18.0,0.0,0.0,33.0,0.0,720096.0,13.0,0.0,715.0,0.0,0.0,0.0,0.0,0.0,0.0,0.0,0.0,0.0,0.0,0.0,0.0,0.0,0.0,0.0,0.0,5099967.0,0.0,0.0,0.0,0.0,0.0,33.0,0.0,13.0,0.0,0.0,176328.0,5100000.0,5099967.0,0.0,33.0,0.0,0.0,0.0,,0.0,0.0,0.034574117647058825,0.0,0.0,0.0,0.0,20.0,1.0,1.0,7.0,0.4227996934298219,0.37695286875115425,0.0,0.0,0.0,0.0
std,16.32554202231345,0.0,16.32554202231345,8.450742810786165,0.12577686520111644,0.0,16.32554202231345,0.0,0.0,5.748074404473151,0.0,336.377868638098,0.0,0.0,0.0,0.0,0.0,0.0,0.0,0.0,0.0,0.0,0.0,0.0,0.0,0.0,0.0,0.0,16.32554202231345,0.0,0.0,0.0,0.0,0.0,16.32554202231345,0.0,5.748074404473151,0.0,3.8506159563429905,0.0,0.0,16.32554202231345,0.0,16.32554202231345,0.0,0.0,0.0,,0.0,0.0,6.9423659551147e-18,0.0,0.0,0.0,0.0,20.0,1.0,1.0,6.9336737015812915,0.22658583222258816,0.5734400327870319,0.6683188516546827,0.19676949820374814,0.09351392438028402,0.0
