,Size_per_age,Vaccinated,Infected,Infected_Vaccinated,Dead,Dead_Vaccinated,Critical,Critical_Vaccinated
0-17,0.1695764705882353,0.16712745098039217,7.84313725490196e-06,7.84313725490196e-06,0.0,0.0,0.0,0.0
18-24,0.07747450980392157,0.0649235294117647,5.882352941176471e-06,3.92156862745098e-06,0.0,0.0,0.0,0.0
25-34,0.16083333333333333,0.13283921568627452,7.84313725490196e-06,5.882352941176471e-06,0.0,0.0,0.0,0.0
35-44,0.13730196078431373,0.11629019607843137,3.92156862745098e-06,3.92156862745098e-06,0.0,0.0,0.0,0.0
45-54,0.13714901960784315,0.11890588235294118,3.92156862745098e-06,3.92156862745098e-06,0.0,0.0,0.0,0.0
55-64,0.13456470588235295,0.12379411764705882,3.92156862745098e-06,1.96078431372549e-06,0.0,0.0,0.0,0.0
65+,0.1831,0.18309607843137254,9.803921568627451e-06,9.803921568627451e-06,0.0,0.0,0.0,0.0
