,Size_per_age,Vaccinated,Infected,Infected_Vaccinated,Dead,Dead_Vaccinated,Critical,Critical_Vaccinated
0-17,0.171315,0.01384,3.5e-05,0.0,0.0,0.0,0.0,0.0
18-24,0.076485,0.065015,1.5e-05,1.5e-05,0.0,0.0,0.0,0.0
25-34,0.16102,0.134935,6.5e-05,4e-05,0.0,0.0,0.0,0.0
35-44,0.137295,0.11341,2.5e-05,2.5e-05,0.0,0.0,0.0,0.0
45-54,0.138705,0.117485,3e-05,1e-05,0.0,0.0,0.0,0.0
55-64,0.13332,0.11559,3e-05,2e-05,5e-06,5e-06,5e-06,5e-06
65+,0.18186,0.16732,2e-05,1.5e-05,0.0,0.0,0.0,0.0
