,Size_per_age,Vaccinated,Infected,Infected_Vaccinated,Dead,Dead_Vaccinated,Critical,Critical_Vaccinated
0-17,0.16905,0.01368,0.096625,0.007975,0.0,0.0,0.0,0.0
18-24,0.07668,0.06518,0.04489,0.0365,0.0,0.0,5e-06,5e-06
25-34,0.159035,0.133275,0.09008,0.071895,1e-05,1e-05,4e-05,4e-05
35-44,0.137755,0.11379,0.07202,0.056005,0.0,0.0,2e-05,1e-05
45-54,0.137375,0.11636,0.071715,0.0581,5.5e-05,5e-05,0.000145,0.000125
55-64,0.135115,0.117145,0.072815,0.060585,0.00015,0.000125,0.000565,0.000455
65+,0.18499,0.1702,0.10532,0.0948,0.001455,0.0013,0.003475,0.003065
