,Size_per_age,Vaccinated,Infected,Infected_Vaccinated,Dead,Dead_Vaccinated,Critical,Critical_Vaccinated
0-17,0.16905,0.01247,0.09268,0.007055,0.0,0.0,0.0,0.0
18-24,0.07668,0.065565,0.04327,0.03561,0.0,0.0,5e-06,5e-06
25-34,0.159035,0.111645,0.090615,0.05839,1.5e-05,0.0,2.5e-05,5e-06
35-44,0.137755,0.10373,0.072085,0.05051,2e-05,1.5e-05,4e-05,3e-05
45-54,0.137375,0.100285,0.072465,0.04897,8e-05,5.5e-05,0.000215,0.00014
55-64,0.135115,0.11877,0.071125,0.06052,9.5e-05,9e-05,0.000495,0.0004
65+,0.18499,0.16761,0.10366,0.091465,0.001425,0.00124,0.00328,0.002785
