,Size_per_age,Vaccinated,Infected,Infected_Vaccinated,Dead,Dead_Vaccinated,Critical,Critical_Vaccinated
0-17,0.171315,0.012615,0.016315,0.000425,5e-06,0.0,1e-05,0.0
18-24,0.076485,0.065395,0.002735,0.001485,0.0,0.0,0.0,0.0
25-34,0.16102,0.11304,0.00633,0.00216,0.0,0.0,5e-06,5e-06
35-44,0.137295,0.103385,0.0033,0.00135,0.0,0.0,0.0,0.0
45-54,0.138705,0.101255,0.00333,0.001195,5e-06,0.0,5.5e-05,1e-05
55-64,0.13332,0.11719,0.002345,0.001435,2.5e-05,1e-05,0.000115,4.5e-05
65+,0.18186,0.164775,0.00332,0.002275,0.000245,0.0001,0.000655,0.00031
