,cum_infections,cum_reinfections,cum_infectious,cum_symptomatic,cum_severe,cum_critical,cum_recoveries,cum_deaths,cum_tests,cum_diagnoses,cum_known_deaths,cum_quarantined,cum_vaccinations,cum_vaccinated,new_infections,new_reinfections,new_infectious,new_symptomatic,new_severe,new_critical,new_recoveries,new_deaths,new_tests,new_diagnoses,new_known_deaths,new_quarantined,new_vaccinations,new_vaccinated,n_susceptible,n_exposed,n_infectious,n_symptomatic,n_severe,n_critical,n_recovered,n_dead,n_diagnosed,n_known_dead,n_quarantined,n_vaccinated,n_alive,n_naive,n_preinfectious,n_removed,prevalence,incidence,r_eff,doubling_time,test_yield,rel_test_yield,frac_vaccinated,pop_nabs,pop_protection,pop_symp_protection,iq_factor,cluster_size,vax_coverage,vax_efficacy,day_max_new_infections,r_eff_07,r_eff_15,r_eff_30,r_eff_60,r_eff_75,r_eff_90
mean,130.484,0.0,129.979,11.0,0.0,0.0,128.709,0.0,720096.0,8.71,0.0,466.51,0.0,0.0,0.106,0.0,0.111,0.0,0.0,0.0,0.22,0.0,0.0,0.0,0.0,0.038,0.0,0.0,5099869.516,1.775,1.27,0.0,0.0,0.0,128.709,0.0,8.71,0.0,1.612,200000.0,5100000.0,5099869.516,0.505,128.709,3.480392156862748e-07,2.078549714997122e-08,0.09452669368422514,30.0,0.0,0.0,0.03921568627450968,0.0,0.0,0.0,0.0,20.0,1.0,0.8,13.277,1.101948992009655,0.7167652666994823,0.7290640494061169,0.3353938830499129,0.2468676992154771,0.11971407119515093
median,88.0,0.0,88.0,11.0,0.0,0.0,88.0,0.0,720096.0,9.0,0.0,466.5,0.0,0.0,0.0,0.0,0.0,0.0,0.0,0.0,0.0,0.0,0.0,0.0,0.0,0.0,0.0,0.0,5099912.0,0.0,0.0,0.0,0.0,0.0,88.0,0.0,9.0,0.0,0.0,200000.0,5100000.0,5099912.0,0.0,88.0,0.0,0.0,0.0,30.0,0.0,0.0,0.0392156862745098,0.0,0.0,0.0,0.0,20.0,1.0,0.8,8.0,1.0573825030986639,0.5947923200956524,0.6313861509160297,0.0,0.0,0.0
std,96.1178879938193,0.0,95.28029646203822,0.0,0.0,0.0,93.2768829662307,0.0,0.0,1.9538980827355654,0.0,102.51741178804565,0.0,0.0,0.5413474457841813,0.0,0.555866879736496,0.0,0.0,0.0,0.7913445685832603,0.0,0.0,0.0,0.0,0.8656242286958615,0.0,0.0,96.11788799381931,6.422431208087995,4.531405260361694,0.0,0.0,0.0,93.2768829662307,0.0,1.9538980827355654,0.0,13.360537412842339,0.0,0.0,96.11788799381931,2.0746757046052475,93.2768829662307,1.259300236879999e-06,1.0615262620372682e-07,0.5223797924075966,0.0,0.0,0.0,1.38847319102294e-17,0.0,0.0,0.0,0.0,20.0,1.0,0.8,13.341149538176985,0.4306549612089498,0.5242551118199611,0.7040410366037382,0.63288352000646,0.6503956167766765,0.38887242335093664
