,cum_infections,cum_reinfections,cum_infectious,cum_symptomatic,cum_severe,cum_critical,cum_recoveries,cum_deaths,cum_tests,cum_diagnoses,cum_known_deaths,cum_quarantined,cum_vaccinations,cum_vaccinated,new_infections,new_reinfections,new_infectious,new_symptomatic,new_severe,new_critical,new_recoveries,new_deaths,new_tests,new_diagnoses,new_known_deaths,new_quarantined,new_vaccinations,new_vaccinated,n_susceptible,n_exposed,n_infectious,n_symptomatic,n_severe,n_critical,n_recovered,n_dead,n_diagnosed,n_known_dead,n_quarantined,n_vaccinated,n_alive,n_naive,n_preinfectious,n_removed,prevalence,incidence,r_eff,doubling_time,test_yield,rel_test_yield,frac_vaccinated,pop_nabs,pop_protection,pop_symp_protection,iq_factor,cluster_size,vax_coverage,vax_efficacy,day_max_new_infections,r_eff_07,r_eff_15,r_eff_30,r_eff_60,r_eff_75,r_eff_90
mean,243.008,0.0,239.782,11.0,0.0,0.0,232.843,0.0,720096.0,9.842,0.0,526.425,0.0,0.0,0.709,0.0,0.758,0.0,0.0,0.0,0.971,0.0,0.0,0.0,0.0,0.634,0.0,0.0,5099756.992,10.165,6.939,0.0,0.0,0.0,232.843,0.0,9.842,0.0,8.569,200000.0,5100000.0,5099756.992,3.226,232.843,1.993137254901963e-06,1.3903309040191928e-07,0.3179203536748227,29.973225760807978,0.0,0.0,0.03921568627450968,0.0,0.0,0.0,0.0,20.0,1.0,0.75,17.811,1.371754672684585,0.8784144540480949,0.844778420479626,0.5670535300889573,0.46725075146998984,0.3600341969975128
median,170.0,0.0,166.0,11.0,0.0,0.0,164.5,0.0,720096.0,10.0,0.0,504.5,0.0,0.0,0.0,0.0,0.0,0.0,0.0,0.0,0.0,0.0,0.0,0.0,0.0,0.0,0.0,0.0,5099830.0,0.0,0.0,0.0,0.0,0.0,164.5,0.0,10.0,0.0,0.0,200000.0,5100000.0,5099830.0,0.0,164.5,0.0,0.0,0.0,30.0,0.0,0.0,0.0392156862745098,0.0,0.0,0.0,0.0,20.0,1.0,0.75,9.5,1.2863283572907684,0.7968367570185071,0.7765587115467658,0.474747648488379,0.061480663482290726,0.0
std,194.11882973080188,0.0,189.96180659270422,0.0,0.0,0.0,181.1636459602688,0.0,0.0,2.645001329306288,0.0,132.8960561368799,0.0,0.0,1.7062327596873266,0.0,1.6727923464178793,0.0,0.0,0.0,1.907300919308958,0.0,0.0,0.0,0.0,4.790092795446555,0.0,0.0,194.1188297308019,19.247967665685103,12.931531367301535,0.0,0.0,0.0,181.1636459602688,0.0,2.645001329306288,0.0,27.67810174698251,0.0,0.0,194.1188297308019,6.64266881976281,181.1636459602688,3.774111306997079e-06,3.34591953261147e-07,0.829402279142317,0.24657686380649912,0.0,0.0,1.38847319102294e-17,0.0,0.0,0.0,0.0,20.0,1.0,0.75,17.079908635587017,0.5162958047671551,0.5697257320495458,0.6017712032490375,0.6401028580432638,0.6855681499983084,0.6819638270371826
