,cum_infections,cum_reinfections,cum_infectious,cum_symptomatic,cum_severe,cum_critical,cum_recoveries,cum_deaths,cum_tests,cum_diagnoses,cum_known_deaths,cum_quarantined,cum_vaccinations,cum_vaccinated,new_infections,new_reinfections,new_infectious,new_symptomatic,new_severe,new_critical,new_recoveries,new_deaths,new_tests,new_diagnoses,new_known_deaths,new_quarantined,new_vaccinations,new_vaccinated,n_susceptible,n_exposed,n_infectious,n_symptomatic,n_severe,n_critical,n_recovered,n_dead,n_diagnosed,n_known_dead,n_quarantined,n_vaccinated,n_alive,n_naive,n_preinfectious,n_removed,prevalence,incidence,r_eff,doubling_time,test_yield,rel_test_yield,frac_vaccinated,pop_nabs,pop_protection,pop_symp_protection,iq_factor,cluster_size,vax_coverage,vax_efficacy,day_max_new_infections,r_eff_07,r_eff_15,r_eff_30,r_eff_60,r_eff_75,r_eff_90
mean,33.834,0.0,33.834,14.537,0.243,0.084,33.807,0.027,720096.0,9.914,0.025,532.068,0.0,0.0,0.0,0.0,0.0,0.0,0.0,0.0,0.0,0.0,0.0,0.0,0.0,0.0,0.0,0.0,5099966.166,0.0,0.0,0.0,0.0,0.0,33.807,0.027,9.914,0.025,0.0,190000.0,5099999.973,5099966.166,0.0,33.834,0.0,0.0,0.0,,0.0,0.0,0.03725490215801707,0.0,0.0,0.0,0.0,20.0,0.95,0.95,6.134,0.4424655491672544,0.26046802472667646,0.1372175195900461,0.003404706471024389,0.00017958325121984886,0.0
median,33.0,0.0,33.0,14.0,0.0,0.0,33.0,0.0,720096.0,10.0,0.0,531.0,0.0,0.0,0.0,0.0,0.0,0.0,0.0,0.0,0.0,0.0,0.0,0.0,0.0,0.0,0.0,0.0,5099967.0,0.0,0.0,0.0,0.0,0.0,33.0,0.0,10.0,0.0,0.0,190000.0,5100000.0,5099967.0,0.0,33.0,0.0,0.0,0.0,,0.0,0.0,0.03725490196078431,0.0,0.0,0.0,0.0,20.0,0.95,0.95,6.0,0.42217082787775795,0.17978780417466078,0.0,0.0,0.0,0.0
std,7.342639740471975,0.0,7.342639740471975,2.217554632596128,0.5198280689047304,0.2846489505075067,7.3370009256223065,0.16822395578305516,0.0,2.11591140671841,0.16248508055018895,117.11676956658988,0.0,0.0,0.0,0.0,0.0,0.0,0.0,0.0,0.0,0.0,0.0,0.0,0.0,0.0,0.0,0.0,7.342639740471975,0.0,0.0,0.0,0.0,0.0,7.3370009256223065,0.16822395578305516,2.11591140671841,0.16248508055018895,0.0,0.0,0.16822395578305516,7.342639740471975,0.0,7.342639740471975,0.0,0.0,0.0,,0.0,0.0,1.2288565452216931e-09,0.0,0.0,0.0,0.0,20.0,0.95,0.95,3.069534818176852,0.20808460964116993,0.30005563906611304,0.5486080649732227,0.05164641231339714,0.005676080863991689,0.0
