,cum_infections,cum_reinfections,cum_infectious,cum_symptomatic,cum_severe,cum_critical,cum_recoveries,cum_deaths,cum_tests,cum_diagnoses,cum_known_deaths,cum_quarantined,cum_vaccinations,cum_vaccinated,new_infections,new_reinfections,new_infectious,new_symptomatic,new_severe,new_critical,new_recoveries,new_deaths,new_tests,new_diagnoses,new_known_deaths,new_quarantined,new_vaccinations,new_vaccinated,n_susceptible,n_exposed,n_infectious,n_symptomatic,n_severe,n_critical,n_recovered,n_dead,n_diagnosed,n_known_dead,n_quarantined,n_vaccinated,n_alive,n_naive,n_preinfectious,n_removed,prevalence,incidence,r_eff,doubling_time,test_yield,rel_test_yield,frac_vaccinated,pop_nabs,pop_protection,pop_symp_protection,iq_factor,cluster_size,vax_coverage,vax_efficacy,day_max_new_infections,r_eff_07,r_eff_15,r_eff_30,r_eff_60,r_eff_75,r_eff_90
mean,57.142,0.0,57.142,35.035,1.362,0.373,56.998,0.144,720096.0,24.215,0.131,1326.18,0.0,0.0,0.0,0.0,0.0,0.0,0.0,0.0,0.0,0.0,0.0,0.0,0.0,0.0,0.0,0.0,5099942.858,0.0,0.0,0.0,0.0,0.0,56.998,0.144,24.215,0.131,0.0,160000.0,5099999.856,5099942.858,0.0,57.142,0.0,0.0,0.0,,0.0,0.0,0.031372549905421064,0.0,0.0,0.0,0.0,20.0,0.8,1.0,6.215,1.0514279415965875,0.38146910873514606,0.2031203943516528,0.010849540264732276,0.00018507275770096715,0.0
median,54.0,0.0,54.0,33.0,1.0,0.0,54.0,0.0,720096.0,23.0,0.0,1261.5,0.0,0.0,0.0,0.0,0.0,0.0,0.0,0.0,0.0,0.0,0.0,0.0,0.0,0.0,0.0,0.0,5099946.0,0.0,0.0,0.0,0.0,0.0,54.0,0.0,23.0,0.0,0.0,160000.0,5100000.0,5099946.0,0.0,54.0,0.0,0.0,0.0,,0.0,0.0,0.03137254901960784,0.0,0.0,0.0,0.0,20.0,0.8,1.0,5.0,1.0113863312984996,0.30457168175504945,0.0,0.0,0.0,0.0
std,16.13884439166257,0.0,16.13884439166257,10.44944811776995,1.364851207574957,0.6420928930328409,16.063749252277315,0.3891213376511437,0.0,7.195175157391621,0.37413764710194425,391.62988594790306,0.0,0.0,0.0,0.0,0.0,0.0,0.0,0.0,0.0,0.0,0.0,0.0,0.0,0.0,0.0,0.0,16.138844391662566,0.0,0.0,0.0,0.0,0.0,16.063749252277315,0.3891213376511437,7.195175157391621,0.37413764710194425,0.0,0.0,0.38912133765114376,16.138844391662566,0.0,16.13884439166257,0.0,0.0,0.0,,0.0,0.0,2.3936728720676205e-09,0.0,0.0,0.0,0.0,20.0,0.8,1.0,2.7623857442435513,0.3956441564127877,0.327217688245942,0.4636643352957463,0.11905787798861422,0.005849587482669,0.0
