,cum_infections,cum_reinfections,cum_infectious,cum_symptomatic,cum_severe,cum_critical,cum_recoveries,cum_deaths,cum_tests,cum_diagnoses,cum_known_deaths,cum_quarantined,cum_vaccinations,cum_vaccinated,new_infections,new_reinfections,new_infectious,new_symptomatic,new_severe,new_critical,new_recoveries,new_deaths,new_tests,new_diagnoses,new_known_deaths,new_quarantined,new_vaccinations,new_vaccinated,n_susceptible,n_exposed,n_infectious,n_symptomatic,n_severe,n_critical,n_recovered,n_dead,n_diagnosed,n_known_dead,n_quarantined,n_vaccinated,n_alive,n_naive,n_preinfectious,n_removed,prevalence,incidence,r_eff,doubling_time,test_yield,rel_test_yield,frac_vaccinated,pop_nabs,pop_protection,pop_symp_protection,iq_factor,cluster_size,vax_coverage,vax_efficacy,day_max_new_infections,r_eff_07,r_eff_15,r_eff_30,r_eff_60,r_eff_75,r_eff_90
mean,75.024,0.0,75.024,47.017,2.303,0.658,74.76,0.251,720096.0,32.523,0.222,1736.317,0.0,0.0,0.0,0.0,0.0,0.0,0.0,0.0,0.004,0.0,0.0,0.0,0.0,0.044,0.0,0.0,5099924.976,0.013,0.013,0.011,0.009,0.004,74.76,0.251,32.523,0.222,0.738,150000.0,5099999.749,5099924.976,0.0,75.011,2.5490198000769463e-09,0.0,0.0,,0.0,0.0,0.029411766153403546,0.0,0.0,0.0,0.0,20.0,0.75,1.0,6.713,1.3695064407180455,0.4908628747555409,0.27916451639617523,0.05345826095612303,0.017727204752041203,0.000659762057425239
median,71.0,0.0,71.0,45.0,2.0,0.0,71.0,0.0,720096.0,31.0,0.0,1648.5,0.0,0.0,0.0,0.0,0.0,0.0,0.0,0.0,0.0,0.0,0.0,0.0,0.0,0.0,0.0,0.0,5099929.0,0.0,0.0,0.0,0.0,0.0,71.0,0.0,31.0,0.0,0.0,150000.0,5100000.0,5099929.0,0.0,71.0,0.0,0.0,0.0,,0.0,0.0,0.029411764705882353,0.0,0.0,0.0,0.0,20.0,0.75,1.0,6.0,1.324146978779845,0.4119210181955205,0.07702649431794378,0.0,0.0,0.0
std,23.806305134652128,0.0,23.806305134652128,15.625391638735454,1.841896735320301,0.9218925565844893,23.67731013048178,0.5217961970647843,0.0,10.790547108784935,0.49695368291518177,563.2972397334211,0.0,0.0,0.0,0.0,0.0,0.0,0.0,0.0,0.06315051850925683,0.0,0.0,0.0,0.0,1.1195165551778659,0.0,0.0,23.806305134652124,0.1297992598124036,0.1297992598124036,0.11354246734985063,0.1045463051950184,0.06315051850925682,23.67731013048178,0.5217961970647843,10.790547108784935,0.49695368291518177,9.714408151077746,0.0,0.5217961970647844,23.806305134652124,0.0,23.773852760439883,2.5450836720552818e-08,0.0,0.0,,0.0,0.0,3.0092062494369645e-09,0.0,0.0,0.0,0.0,20.0,0.75,1.0,2.9445935203351925,0.4740282861621487,0.34839144852558684,0.4175063758821331,0.33583188480890447,0.22852521043986262,0.015894719971661687
