,cum_infections,cum_reinfections,cum_infectious,cum_symptomatic,cum_severe,cum_critical,cum_recoveries,cum_deaths,cum_tests,cum_diagnoses,cum_known_deaths,cum_quarantined,cum_vaccinations,cum_vaccinated,new_infections,new_reinfections,new_infectious,new_symptomatic,new_severe,new_critical,new_recoveries,new_deaths,new_tests,new_diagnoses,new_known_deaths,new_quarantined,new_vaccinations,new_vaccinated,n_susceptible,n_exposed,n_infectious,n_symptomatic,n_severe,n_critical,n_recovered,n_dead,n_diagnosed,n_known_dead,n_quarantined,n_vaccinated,n_alive,n_naive,n_preinfectious,n_removed,prevalence,incidence,r_eff,doubling_time,test_yield,rel_test_yield,frac_vaccinated,pop_nabs,pop_protection,pop_symp_protection,iq_factor,cluster_size,vax_coverage,vax_efficacy,day_max_new_infections,r_eff_07,r_eff_15,r_eff_30,r_eff_60,r_eff_75,r_eff_90
mean,30.829,0.0,30.829,17.97,0.396,0.118,30.791,0.038,720096.0,12.373,0.036,690.644,0.0,0.0,0.0,0.0,0.0,0.0,0.0,0.0,0.0,0.0,0.0,0.0,0.0,0.0,0.0,0.0,5099969.171,0.0,0.0,0.0,0.0,0.0,30.791,0.038,12.373,0.036,0.0,180000.0,5099999.962,5099969.171,0.0,30.829,0.0,0.0,0.0,,0.0,0.0,0.03529411791003487,0.0,0.0,0.0,0.0,20.0,0.9,1.0,5.908,0.38709177975044007,0.20735491168310347,0.06178417029290807,0.0,0.0,0.0
median,30.0,0.0,30.0,18.0,0.0,0.0,30.0,0.0,720096.0,12.0,0.0,683.0,0.0,0.0,0.0,0.0,0.0,0.0,0.0,0.0,0.0,0.0,0.0,0.0,0.0,0.0,0.0,0.0,5099970.0,0.0,0.0,0.0,0.0,0.0,30.0,0.0,12.0,0.0,0.0,180000.0,5100000.0,5099970.0,0.0,30.0,0.0,0.0,0.0,,0.0,0.0,0.03529411764705882,0.0,0.0,0.0,0.0,20.0,0.9,1.0,5.0,0.37665898393746927,0.08750506445909029,0.0,0.0,0.0,0.0
std,4.733726562357312,0.0,4.733726562357312,3.3877096358124583,0.6415571647137888,0.3717717232579883,4.716308149661402,0.19129190414806527,0.0,2.78884360419308,0.1863833113203506,163.82134383741544,0.0,0.0,0.0,0.0,0.0,0.0,0.0,0.0,0.0,0.0,0.0,0.0,0.0,0.0,0.0,0.0,4.733726562357312,0.0,0.0,0.0,0.0,0.0,4.716308149661402,0.19129190414806527,2.78884360419308,0.1863833113203506,0.0,0.0,0.19129190414806527,4.733726562357312,0.0,4.733726562357312,0.0,0.0,0.0,,0.0,0.0,1.3238196650993534e-09,0.0,0.0,0.0,0.0,20.0,0.9,1.0,2.4338315471700174,0.1764216268112483,0.2718563476503436,0.3407261214581947,0.0,0.0,0.0
