,cum_infections,cum_reinfections,cum_infectious,cum_symptomatic,cum_severe,cum_critical,cum_recoveries,cum_deaths,cum_tests,cum_diagnoses,cum_known_deaths,cum_quarantined,cum_vaccinations,cum_vaccinated,new_infections,new_reinfections,new_infectious,new_symptomatic,new_severe,new_critical,new_recoveries,new_deaths,new_tests,new_diagnoses,new_known_deaths,new_quarantined,new_vaccinations,new_vaccinated,n_susceptible,n_exposed,n_infectious,n_symptomatic,n_severe,n_critical,n_recovered,n_dead,n_diagnosed,n_known_dead,n_quarantined,n_vaccinated,n_alive,n_naive,n_preinfectious,n_removed,prevalence,incidence,r_eff,doubling_time,test_yield,rel_test_yield,frac_vaccinated,pop_nabs,pop_protection,pop_symp_protection,iq_factor,cluster_size,vax_coverage,vax_efficacy,day_max_new_infections,r_eff_07,r_eff_15,r_eff_30,r_eff_60,r_eff_75,r_eff_90
mean,43.146,0.0,43.142,11.0,0.0,0.0,43.137,0.0,720096.0,7.554,0.0,390.494,0.0,0.0,0.001,0.0,0.0,0.0,0.0,0.0,0.002,0.0,0.0,0.0,0.0,0.0,0.0,0.0,5099956.854,0.009,0.005,0.0,0.0,0.0,43.137,0.0,7.554,0.0,0.0,200000.0,5100000.0,5099956.854,0.004,43.137,1.764705882352941e-09,1.960834680263356e-10,0.003851142865077981,30.0,0.0,0.0,0.03921568627450968,0.0,0.0,0.0,0.0,20.0,1.0,0.9,7.162,0.5554618531559858,0.37204214880324254,0.29941592158077424,0.040025085336536266,0.006412761099155833,0.0014441789354487963
median,38.0,0.0,38.0,11.0,0.0,0.0,38.0,0.0,720096.0,8.0,0.0,397.5,0.0,0.0,0.0,0.0,0.0,0.0,0.0,0.0,0.0,0.0,0.0,0.0,0.0,0.0,0.0,0.0,5099962.0,0.0,0.0,0.0,0.0,0.0,38.0,0.0,8.0,0.0,0.0,200000.0,5100000.0,5099962.0,0.0,38.0,0.0,0.0,0.0,30.0,0.0,0.0,0.0392156862745098,0.0,0.0,0.0,0.0,20.0,1.0,0.9,6.0,0.53397862210887,0.2867509149312489,0.0,0.0,0.0,0.0
std,17.352573175059536,0.0,17.334772289543647,0.0,0.0,0.0,17.31236404853332,0.0,0.0,1.6546364621335472,0.0,98.46962084942864,0.0,0.0,0.0316227766016838,0.0,0.0,0.0,0.0,0.0,0.04469897088298564,0.0,0.0,0.0,0.0,0.0,0.0,0.0,17.352573175059536,0.17014096493187042,0.08355825501996786,0.0,0.0,0.0,17.31236404853332,0.0,1.6546364621335472,0.0,0.0,0.0,0.0,17.352573175059536,0.0999699654596019,17.31236404853332,3.336097351605303e-08,6.200703704680219e-09,0.12178383048352948,0.0,0.0,0.0,1.38847319102294e-17,0.0,0.0,0.0,0.0,20.0,1.0,0.9,5.174336285940449,0.23474457014919956,0.364116146509236,0.6725341725836024,0.2591740524945278,0.10276742322066633,0.045646107663155945
