,cum_infections,cum_reinfections,cum_infectious,cum_symptomatic,cum_severe,cum_critical,cum_recoveries,cum_deaths,cum_tests,cum_diagnoses,cum_known_deaths,cum_quarantined,cum_vaccinations,cum_vaccinated,new_infections,new_reinfections,new_infectious,new_symptomatic,new_severe,new_critical,new_recoveries,new_deaths,new_tests,new_diagnoses,new_known_deaths,new_quarantined,new_vaccinations,new_vaccinated,n_susceptible,n_exposed,n_infectious,n_symptomatic,n_severe,n_critical,n_recovered,n_dead,n_diagnosed,n_known_dead,n_quarantined,n_vaccinated,n_alive,n_naive,n_preinfectious,n_removed,prevalence,incidence,r_eff,doubling_time,test_yield,rel_test_yield,frac_vaccinated,pop_nabs,pop_protection,pop_symp_protection,iq_factor,cluster_size,vax_coverage,vax_efficacy,day_max_new_infections,r_eff_07,r_eff_15,r_eff_30,r_eff_60,r_eff_75,r_eff_90
mean,24.421,0.0,24.421,13.911,0.191,0.048,24.406,0.015,720096.0,9.36,0.014,500.335,0.0,0.0,0.0,0.0,0.0,0.0,0.0,0.0,0.0,0.0,0.0,0.0,0.0,0.0,0.0,0.0,5099975.579,0.0,0.0,0.0,0.0,0.0,24.406,0.015,9.36,0.014,0.0,190000.0,5099999.985,5099975.579,0.0,24.421,0.0,0.0,0.0,,0.0,0.0,0.03725490207035846,0.0,0.0,0.0,0.0,20.0,0.95,1.0,5.18,0.1727170506590757,0.07863140057626342,0.014555681219390137,0.0,0.0,0.0
median,24.0,0.0,24.0,14.0,0.0,0.0,24.0,0.0,720096.0,9.0,0.0,502.0,0.0,0.0,0.0,0.0,0.0,0.0,0.0,0.0,0.0,0.0,0.0,0.0,0.0,0.0,0.0,0.0,5099976.0,0.0,0.0,0.0,0.0,0.0,24.0,0.0,9.0,0.0,0.0,190000.0,5100000.0,5099976.0,0.0,24.0,0.0,0.0,0.0,,0.0,0.0,0.03725490196078431,0.0,0.0,0.0,0.0,20.0,0.95,1.0,5.0,0.1560093558382908,0.0,0.0,0.0,0.0,0.0
std,2.2993577464253026,0.0,2.2993577464253026,1.7686738555220425,0.4274361960593671,0.21387319079712103,2.29312503418859,0.121613279660528,0.0,2.106380031437071,0.11754921445002436,119.95262985198953,0.0,0.0,0.0,0.0,0.0,0.0,0.0,0.0,0.0,0.0,0.0,0.0,0.0,0.0,0.0,0.0,2.299357746425303,0.0,0.0,0.0,0.0,0.0,2.29312503418859,0.121613279660528,2.106380031437071,0.11754921445002436,0.0,0.0,0.121613279660528,2.299357746425303,0.0,2.2993577464253026,0.0,0.0,0.0,,0.0,0.0,8.883709214270612e-10,0.0,0.0,0.0,0.0,20.0,0.95,1.0,2.1958141997901373,0.11066342394140824,0.17380361939307884,0.24081402974869734,0.0,0.0,0.0
