,cum_infections,cum_reinfections,cum_infectious,cum_symptomatic,cum_severe,cum_critical,cum_recoveries,cum_deaths,cum_tests,cum_diagnoses,cum_known_deaths,cum_quarantined,cum_vaccinations,cum_vaccinated,new_infections,new_reinfections,new_infectious,new_symptomatic,new_severe,new_critical,new_recoveries,new_deaths,new_tests,new_diagnoses,new_known_deaths,new_quarantined,new_vaccinations,new_vaccinated,n_susceptible,n_exposed,n_infectious,n_symptomatic,n_severe,n_critical,n_recovered,n_dead,n_diagnosed,n_known_dead,n_quarantined,n_vaccinated,n_alive,n_naive,n_preinfectious,n_removed,prevalence,incidence,r_eff,doubling_time,test_yield,rel_test_yield,frac_vaccinated,pop_nabs,pop_protection,pop_symp_protection,iq_factor,cluster_size,vax_coverage,vax_efficacy,day_max_new_infections,r_eff_07,r_eff_15,r_eff_30,r_eff_60,r_eff_75,r_eff_90
mean,43.136,0.0,43.136,19.881,0.541,0.183,43.062,0.069,720096.0,13.685,0.067,756.544,0.0,0.0,0.0,0.0,0.0,0.0,0.0,0.0,0.0,0.0,0.0,0.0,0.0,0.001,0.0,0.0,5099956.864,0.005,0.005,0.002,0.001,0.0,43.062,0.069,13.685,0.067,0.073,180000.0,5099999.931,5099956.864,0.0,43.131,9.803921568627451e-10,0.0,0.0,,0.0,0.0,0.035294118124567786,0.0,0.0,0.0,0.0,20.0,0.9,0.95,6.506,0.6727611131296205,0.36080389448044475,0.1984831882889835,0.009612078790793767,0.0044304281832536225,0.0014133327859284592
median,41.0,0.0,41.0,19.0,0.0,0.0,41.0,0.0,720096.0,13.0,0.0,735.0,0.0,0.0,0.0,0.0,0.0,0.0,0.0,0.0,0.0,0.0,0.0,0.0,0.0,0.0,0.0,0.0,5099959.0,0.0,0.0,0.0,0.0,0.0,41.0,0.0,13.0,0.0,0.0,180000.0,5100000.0,5099959.0,0.0,41.0,0.0,0.0,0.0,,0.0,0.0,0.03529411764705882,0.0,0.0,0.0,0.0,20.0,0.9,0.95,6.0,0.6459417757417404,0.27963584269510455,0.0,0.0,0.0,0.0
std,12.037624699599519,0.0,12.037624699599519,4.735109318723303,0.7803383419568257,0.42625425826927843,12.002341946979023,0.2689076259820672,0.0,3.611484157215399,0.26567194353484447,198.17212279797138,0.0,0.0,0.0,0.0,0.0,0.0,0.0,0.0,0.0,0.0,0.0,0.0,0.0,0.0316227766016838,0.0,0.0,12.037624699599519,0.15811388300841897,0.15811388300841897,0.0632455532033676,0.0316227766016838,0.0,12.002341946979023,0.2689076259820672,3.611484157215399,0.26567194353484447,2.308462691922917,0.0,0.2689076259820671,12.037624699599519,0.0,12.025408494078254,3.1002722158513515e-08,0.0,0.0,,0.0,0.0,1.8609528715612377e-09,0.0,0.0,0.0,0.0,20.0,0.9,0.95,3.384370547088483,0.2820209315266471,0.3372438579715759,0.5128777356221652,0.13278507451211818,0.08940204571151188,0.04467115461029097
