,cum_infections,cum_reinfections,cum_infectious,cum_symptomatic,cum_severe,cum_critical,cum_recoveries,cum_deaths,cum_tests,cum_diagnoses,cum_known_deaths,cum_quarantined,cum_vaccinations,cum_vaccinated,new_infections,new_reinfections,new_infectious,new_symptomatic,new_severe,new_critical,new_recoveries,new_deaths,new_tests,new_diagnoses,new_known_deaths,new_quarantined,new_vaccinations,new_vaccinated,n_susceptible,n_exposed,n_infectious,n_symptomatic,n_severe,n_critical,n_recovered,n_dead,n_diagnosed,n_known_dead,n_quarantined,n_vaccinated,n_alive,n_naive,n_preinfectious,n_removed,prevalence,incidence,r_eff,doubling_time,test_yield,rel_test_yield,frac_vaccinated,pop_nabs,pop_protection,pop_symp_protection,iq_factor,cluster_size,vax_coverage,vax_efficacy,day_max_new_infections,r_eff_07,r_eff_15,r_eff_30,r_eff_60,r_eff_75,r_eff_90
mean,48.107,0.0,48.106,18.947,0.539,0.171,48.036,0.065,720096.0,13.149,0.056,727.677,0.0,0.0,0.0,0.0,0.0,0.0,0.0,0.0,0.001,0.0,0.0,0.0,0.0,0.003,0.0,0.0,5099951.893,0.006,0.005,0.002,0.001,0.0,48.036,0.065,13.149,0.056,0.085,180000.0,5099999.935,5099951.893,0.001,48.101,1.176470588235294e-09,0.0,0.0,30.0,0.0,0.0,0.03529411809688612,0.0,0.0,0.0,0.0,20.0,0.9,0.9,6.848,0.7313531766234678,0.4192008875189217,0.2673432378297397,0.018045031011165894,0.0017601484153590568,0.003300277761754896
median,45.0,0.0,45.0,18.0,0.0,0.0,45.0,0.0,720096.0,13.0,0.0,702.0,0.0,0.0,0.0,0.0,0.0,0.0,0.0,0.0,0.0,0.0,0.0,0.0,0.0,0.0,0.0,0.0,5099955.0,0.0,0.0,0.0,0.0,0.0,45.0,0.0,13.0,0.0,0.0,180000.0,5100000.0,5099955.0,0.0,45.0,0.0,0.0,0.0,30.0,0.0,0.0,0.03529411764705882,0.0,0.0,0.0,0.0,20.0,0.9,0.9,6.0,0.7035012949959849,0.3194010238313493,0.0,0.0,0.0,0.0
std,15.223117101773022,0.0,15.221184199938206,4.612099572045519,0.775293544459181,0.43121334040697873,15.179364845642162,0.2623811042050167,0.0,3.519827863431419,0.24274044352543095,195.40327302814075,0.0,0.0,0.0,0.0,0.0,0.0,0.0,0.0,0.03162277660168379,0.0,0.0,0.0,0.0,0.07068235986436783,0.0,0.0,15.223117101773022,0.1612141122544487,0.13035333517786185,0.04469897088298564,0.0316227766016838,0.0,15.179364845642162,0.2623811042050167,3.519827863431419,0.24274044352543095,2.6879360111431225,0.0,0.2623811042050167,15.223117101773022,0.03162277660168379,15.21335746129845,3.1610610245970333e-08,0.0,0.0,,0.0,0.0,1.815786624156544e-09,0.0,0.0,0.0,0.0,20.0,0.9,0.9,3.928727020295505,0.29452649840989964,0.3877331116509883,0.6231364218193249,0.2189460016441592,0.05563294277356634,0.10431175135826823
