,cum_infections,cum_reinfections,cum_infectious,cum_symptomatic,cum_severe,cum_critical,cum_recoveries,cum_deaths,cum_tests,cum_diagnoses,cum_known_deaths,cum_quarantined,cum_vaccinations,cum_vaccinated,new_infections,new_reinfections,new_infectious,new_symptomatic,new_severe,new_critical,new_recoveries,new_deaths,new_tests,new_diagnoses,new_known_deaths,new_quarantined,new_vaccinations,new_vaccinated,n_susceptible,n_exposed,n_infectious,n_symptomatic,n_severe,n_critical,n_recovered,n_dead,n_diagnosed,n_known_dead,n_quarantined,n_vaccinated,n_alive,n_naive,n_preinfectious,n_removed,prevalence,incidence,r_eff,doubling_time,test_yield,rel_test_yield,frac_vaccinated,pop_nabs,pop_protection,pop_symp_protection,iq_factor,cluster_size,vax_coverage,vax_efficacy,day_max_new_infections,r_eff_07,r_eff_15,r_eff_30,r_eff_60,r_eff_75,r_eff_90
mean,47.247,0.0,47.247,28.477,0.972,0.259,47.161,0.086,720096.0,19.587,0.078,1075.276,0.0,0.0,0.0,0.0,0.0,0.0,0.0,0.0,0.0,0.0,0.0,0.0,0.0,0.0,0.0,0.0,5099952.753,0.0,0.0,0.0,0.0,0.0,47.161,0.086,19.587,0.078,0.0,160000.0,5099999.914,5099952.753,0.0,47.247,0.0,0.0,0.0,,0.0,0.0,0.03137254954863514,0.0,0.0,0.0,0.0,20.0,0.8,1.0,6.319,0.8426436132207868,0.3477817123162456,0.13138380707611838,0.014034025367762338,0.0,0.0
median,46.0,0.0,46.0,28.0,1.0,0.0,45.5,0.0,720096.0,19.0,0.0,1040.5,0.0,0.0,0.0,0.0,0.0,0.0,0.0,0.0,0.0,0.0,0.0,0.0,0.0,0.0,0.0,0.0,5099954.0,0.0,0.0,0.0,0.0,0.0,45.5,0.0,19.0,0.0,0.0,160000.0,5100000.0,5099954.0,0.0,46.0,0.0,0.0,0.0,,0.0,0.0,0.03137254901960784,0.0,0.0,0.0,0.0,20.0,0.8,1.0,6.0,0.8184593340531756,0.255925254555723,0.0,0.0,0.0,0.0
std,11.383038459241213,0.0,11.383038459241213,7.469756908244624,1.0818439750658995,0.5293384542985698,11.345651272747757,0.30115559881014115,0.0,5.279233022068765,0.28635292559706454,285.7284384946038,0.0,0.0,0.0,0.0,0.0,0.0,0.0,0.0,0.0,0.0,0.0,0.0,0.0,0.0,0.0,0.0,11.383038459241213,0.0,0.0,0.0,0.0,0.0,11.345651272747757,0.30115559881014115,5.279233022068765,0.28635292559706454,0.0,0.0,0.3011555988101412,11.383038459241213,0.0,11.383038459241213,0.0,0.0,0.0,,0.0,0.0,1.8525531587809686e-09,0.0,0.0,0.0,0.0,20.0,0.8,1.0,3.1072880458689376,0.3398402327523974,0.33341442968268964,0.41114554089146627,0.18360727723276687,0.0,0.0
