,cum_infections,cum_reinfections,cum_infectious,cum_symptomatic,cum_severe,cum_critical,cum_recoveries,cum_deaths,cum_tests,cum_diagnoses,cum_known_deaths,cum_quarantined,cum_vaccinations,cum_vaccinated,new_infections,new_reinfections,new_infectious,new_symptomatic,new_severe,new_critical,new_recoveries,new_deaths,new_tests,new_diagnoses,new_known_deaths,new_quarantined,new_vaccinations,new_vaccinated,n_susceptible,n_exposed,n_infectious,n_symptomatic,n_severe,n_critical,n_recovered,n_dead,n_diagnosed,n_known_dead,n_quarantined,n_vaccinated,n_alive,n_naive,n_preinfectious,n_removed,prevalence,incidence,r_eff,doubling_time,test_yield,rel_test_yield,frac_vaccinated,pop_nabs,pop_protection,pop_symp_protection,iq_factor,cluster_size,vax_coverage,vax_efficacy,day_max_new_infections,r_eff_07,r_eff_15,r_eff_30,r_eff_60,r_eff_75,r_eff_90
mean,34.681,0.0,34.681,11.0,0.0,0.0,34.68,0.0,720096.0,7.454,0.0,383.422,0.0,0.0,0.0,0.0,0.0,0.0,0.0,0.0,0.0,0.0,0.0,0.0,0.0,0.0,0.0,0.0,5099965.319,0.001,0.001,0.0,0.0,0.0,34.68,0.0,7.454,0.0,0.085,200000.0,5100000.0,5099965.319,0.0,34.68,1.96078431372549e-10,0.0,0.0,,0.0,0.0,0.03921568627450968,0.0,0.0,0.0,0.0,20.0,1.0,0.9,6.615,0.4291494654531625,0.284545287514955,0.1727269027986454,0.008356124416922931,0.0014177720532092875,0.0006593403207879269
median,33.0,0.0,33.0,11.0,0.0,0.0,33.0,0.0,720096.0,8.0,0.0,392.0,0.0,0.0,0.0,0.0,0.0,0.0,0.0,0.0,0.0,0.0,0.0,0.0,0.0,0.0,0.0,0.0,5099967.0,0.0,0.0,0.0,0.0,0.0,33.0,0.0,8.0,0.0,0.0,200000.0,5100000.0,5099967.0,0.0,33.0,0.0,0.0,0.0,,0.0,0.0,0.0392156862745098,0.0,0.0,0.0,0.0,20.0,1.0,0.9,6.0,0.4127440414000665,0.21363932453472184,0.0,0.0,0.0,0.0
std,9.788720961293057,0.0,9.788720961293057,0.0,0.0,0.0,9.783011157476379,0.0,0.0,1.6591071805753348,0.0,100.12153733457271,0.0,0.0,0.0,0.0,0.0,0.0,0.0,0.0,0.0,0.0,0.0,0.0,0.0,0.0,0.0,0.0,9.788720961293057,0.0316227766016838,0.0316227766016838,0.0,0.0,0.0,9.783011157476379,0.0,1.6591071805753348,0.0,2.687936011143124,0.0,0.0,9.788720961293057,0.0,9.783011157476379,6.2005444317027036e-09,0.0,0.0,,0.0,0.0,1.38847319102294e-17,0.0,0.0,0.0,0.0,20.0,1.0,0.9,4.183153714603373,0.20030938973707163,0.3009600852303786,0.583419648369664,0.094006346918596,0.030182867699095544,0.02083974397534935
