,cum_infections,cum_reinfections,cum_infectious,cum_symptomatic,cum_severe,cum_critical,cum_recoveries,cum_deaths,cum_tests,cum_diagnoses,cum_known_deaths,cum_quarantined,cum_vaccinations,cum_vaccinated,new_infections,new_reinfections,new_infectious,new_symptomatic,new_severe,new_critical,new_recoveries,new_deaths,new_tests,new_diagnoses,new_known_deaths,new_quarantined,new_vaccinations,new_vaccinated,n_susceptible,n_exposed,n_infectious,n_symptomatic,n_severe,n_critical,n_recovered,n_dead,n_diagnosed,n_known_dead,n_quarantined,n_vaccinated,n_alive,n_naive,n_preinfectious,n_removed,prevalence,incidence,r_eff,doubling_time,test_yield,rel_test_yield,frac_vaccinated,pop_nabs,pop_protection,pop_symp_protection,iq_factor,cluster_size,vax_coverage,vax_efficacy,day_max_new_infections,r_eff_07,r_eff_15,r_eff_30,r_eff_60,r_eff_75,r_eff_90
mean,120.759,0.0,120.319,11.0,0.0,0.0,119.28,0.0,720096.0,8.532,0.0,456.862,0.0,0.0,0.093,0.0,0.117,0.0,0.0,0.0,0.159,0.0,0.0,0.0,0.0,0.181,0.0,0.0,5099879.241,1.479,1.039,0.0,0.0,0.0,119.28,0.0,8.532,0.0,2.368,200000.0,5100000.0,5099879.241,0.44,119.28,2.9000000000000014e-07,1.8236239768336323e-08,0.09316001989090374,30.0,0.0,0.0,0.03921568627450968,0.0,0.0,0.0,0.0,20.0,1.0,0.75,13.237,1.0738902629381641,0.7023045298532058,0.6820448267286985,0.30385545492073457,0.17235373640284207,0.10206224065116211
median,86.0,0.0,86.0,11.0,0.0,0.0,86.0,0.0,720096.0,8.0,0.0,455.0,0.0,0.0,0.0,0.0,0.0,0.0,0.0,0.0,0.0,0.0,0.0,0.0,0.0,0.0,0.0,0.0,5099914.0,0.0,0.0,0.0,0.0,0.0,86.0,0.0,8.0,0.0,0.0,200000.0,5100000.0,5099914.0,0.0,86.0,0.0,0.0,0.0,30.0,0.0,0.0,0.0392156862745098,0.0,0.0,0.0,0.0,20.0,1.0,0.75,7.0,1.0356816841909782,0.5916659666587902,0.5749740927841445,0.0,0.0,0.0
std,84.60956031499452,0.0,83.88687768207402,0.0,0.0,0.0,82.33720310415588,0.0,0.0,1.9075152986580775,0.0,105.29277051879451,0.0,0.0,0.4760016571164197,0.0,0.5192114988909438,0.0,0.0,0.0,0.7100867716154297,0.0,0.0,0.0,0.0,2.6813109533264563,0.0,0.0,84.60956031499452,5.288811825970984,3.6368538196778966,0.0,0.0,0.0,82.33720310415588,0.0,1.9075152986580775,0.0,16.009399641363096,0.0,0.0,84.60956031499452,1.790420510831354,82.33720310415588,1.0370219266609772e-06,9.33385469271378e-08,0.6526191829594227,0.0,0.0,0.0,1.38847319102294e-17,0.0,0.0,0.0,0.0,20.0,1.0,0.75,13.363862877177393,0.4095926948018605,0.5134537217131385,0.7076770983324487,0.6133137675066314,0.4998796049672153,0.35237726222311877
