,cum_infections,cum_reinfections,cum_infectious,cum_symptomatic,cum_severe,cum_critical,cum_recoveries,cum_deaths,cum_tests,cum_diagnoses,cum_known_deaths,cum_quarantined,cum_vaccinations,cum_vaccinated,new_infections,new_reinfections,new_infectious,new_symptomatic,new_severe,new_critical,new_recoveries,new_deaths,new_tests,new_diagnoses,new_known_deaths,new_quarantined,new_vaccinations,new_vaccinated,n_susceptible,n_exposed,n_infectious,n_symptomatic,n_severe,n_critical,n_recovered,n_dead,n_diagnosed,n_known_dead,n_quarantined,n_vaccinated,n_alive,n_naive,n_preinfectious,n_removed,prevalence,incidence,r_eff,doubling_time,test_yield,rel_test_yield,frac_vaccinated,pop_nabs,pop_protection,pop_symp_protection,iq_factor,cluster_size,vax_coverage,vax_efficacy,day_max_new_infections,r_eff_07,r_eff_15,r_eff_30,r_eff_60,r_eff_75,r_eff_90
mean,40.113,0.0,40.113,14.395,0.227,0.072,40.09,0.023,720096.0,9.926,0.023,535.307,0.0,0.0,0.0,0.0,0.0,0.0,0.0,0.0,0.0,0.0,0.0,0.0,0.0,0.0,0.0,0.0,5099959.887,0.0,0.0,0.0,0.0,0.0,40.09,0.023,9.926,0.023,0.0,190000.0,5099999.977,5099959.887,0.0,40.113,0.0,0.0,0.0,,0.0,0.0,0.037254902128797535,0.0,0.0,0.0,0.0,20.0,0.95,0.9,6.699,0.5644685450550251,0.35057324449785937,0.16520602050295743,0.007786195313711577,0.0,0.0
median,37.0,0.0,37.0,14.0,0.0,0.0,37.0,0.0,720096.0,10.0,0.0,528.0,0.0,0.0,0.0,0.0,0.0,0.0,0.0,0.0,0.0,0.0,0.0,0.0,0.0,0.0,0.0,0.0,5099963.0,0.0,0.0,0.0,0.0,0.0,37.0,0.0,10.0,0.0,0.0,190000.0,5100000.0,5099963.0,0.0,37.0,0.0,0.0,0.0,,0.0,0.0,0.03725490196078431,0.0,0.0,0.0,0.0,20.0,0.95,0.9,6.0,0.5386907146358763,0.2550156519095768,0.0,0.0,0.0,0.0
std,12.211689332617185,0.0,12.211689332617185,2.4716561419590883,0.513551102359575,0.2736620011819158,12.190837400134434,0.1499783100768024,0.0,2.2894902851433474,0.1499783100768024,126.73781292189092,0.0,0.0,0.0,0.0,0.0,0.0,0.0,0.0,0.0,0.0,0.0,0.0,0.0,0.0,0.0,0.0,12.211689332617183,0.0,0.0,0.0,0.0,0.0,12.190837400134434,0.1499783100768024,2.2894902851433474,0.1499783100768024,0.0,0.0,0.1499783100768024,12.211689332617183,0.0,12.211689332617185,0.0,0.0,0.0,,0.0,0.0,1.0955741830901956e-09,0.0,0.0,0.0,0.0,20.0,0.95,0.9,3.966408829155159,0.24645187573558094,0.3663242973027335,0.4532358078180787,0.11985346055699463,0.0,0.0
