,cum_infections,cum_reinfections,cum_infectious,cum_symptomatic,cum_severe,cum_critical,cum_recoveries,cum_deaths,cum_tests,cum_diagnoses,cum_known_deaths,cum_quarantined,cum_vaccinations,cum_vaccinated,new_infections,new_reinfections,new_infectious,new_symptomatic,new_severe,new_critical,new_recoveries,new_deaths,new_tests,new_diagnoses,new_known_deaths,new_quarantined,new_vaccinations,new_vaccinated,n_susceptible,n_exposed,n_infectious,n_symptomatic,n_severe,n_critical,n_recovered,n_dead,n_diagnosed,n_known_dead,n_quarantined,n_vaccinated,n_alive,n_naive,n_preinfectious,n_removed,prevalence,incidence,r_eff,doubling_time,test_yield,rel_test_yield,frac_vaccinated,pop_nabs,pop_protection,pop_symp_protection,iq_factor,cluster_size,vax_coverage,vax_efficacy,day_max_new_infections,r_eff_07,r_eff_15,r_eff_30,r_eff_60,r_eff_75,r_eff_90
mean,58.24,0.0,58.24,31.401,1.274,0.371,58.106,0.132,720096.0,21.564,0.123,1178.709,0.0,0.0,0.0,0.0,0.0,0.0,0.0,0.0,0.0,0.0,0.0,0.0,0.0,0.001,0.0,0.0,5099941.76,0.002,0.002,0.002,0.001,0.0,58.106,0.132,21.564,0.123,0.136,160000.0,5099999.868,5099941.76,0.0,58.238,3.92156862745098e-10,0.0,0.0,,0.0,0.0,0.031372549831603286,0.0,0.0,0.0,0.0,20.0,0.8,0.95,6.549,1.0432955364064571,0.4083990414150723,0.2826497788600171,0.029853099833844772,0.0015000069349226045,0.0
median,55.0,0.0,55.0,30.0,1.0,0.0,55.0,0.0,720096.0,21.0,0.0,1131.5,0.0,0.0,0.0,0.0,0.0,0.0,0.0,0.0,0.0,0.0,0.0,0.0,0.0,0.0,0.0,0.0,5099945.0,0.0,0.0,0.0,0.0,0.0,55.0,0.0,21.0,0.0,0.0,160000.0,5100000.0,5099945.0,0.0,55.0,0.0,0.0,0.0,,0.0,0.0,0.03137254901960784,0.0,0.0,0.0,0.0,20.0,0.8,0.95,6.0,1.0064881160944235,0.3157163638911858,0.0,0.0,0.0,0.0
std,17.711072301870434,0.0,17.711072301870434,9.558114696767168,1.2816265316255615,0.6494465187994934,17.63473129219007,0.36702957743308745,0.0,6.548189275118946,0.35776947745580384,352.23326445920975,0.0,0.0,0.0,0.0,0.0,0.0,0.0,0.0,0.0,0.0,0.0,0.0,0.0,0.0316227766016838,0.0,0.0,17.711072301870434,0.04469897088298564,0.04469897088298564,0.04469897088298564,0.0316227766016838,0.0,17.63473129219007,0.36702957743308745,6.548189275118946,0.35776947745580384,3.3049094429993735,0.0,0.3670295774330874,17.711072301870434,0.0,17.710138480684023,8.764504094703065e-09,0.0,0.0,,0.0,0.0,2.2577757442830027e-09,0.0,0.0,0.0,0.0,20.0,0.8,0.95,3.0072577209145215,0.4104553251234612,0.3526105005290923,0.6256440129927967,0.26256898300700265,0.036120704596453335,0.0
