,cum_infections,cum_reinfections,cum_infectious,cum_symptomatic,cum_severe,cum_critical,cum_recoveries,cum_deaths,cum_tests,cum_diagnoses,cum_known_deaths,cum_quarantined,cum_vaccinations,cum_vaccinated,new_infections,new_reinfections,new_infectious,new_symptomatic,new_severe,new_critical,new_recoveries,new_deaths,new_tests,new_diagnoses,new_known_deaths,new_quarantined,new_vaccinations,new_vaccinated,n_susceptible,n_exposed,n_infectious,n_symptomatic,n_severe,n_critical,n_recovered,n_dead,n_diagnosed,n_known_dead,n_quarantined,n_vaccinated,n_alive,n_naive,n_preinfectious,n_removed,prevalence,incidence,r_eff,doubling_time,test_yield,rel_test_yield,frac_vaccinated,pop_nabs,pop_protection,pop_symp_protection,iq_factor,cluster_size,vax_coverage,vax_efficacy,day_max_new_infections,r_eff_07,r_eff_15,r_eff_30,r_eff_60,r_eff_75,r_eff_90
mean,57.417,0.0,57.417,35.44,1.507,0.44,57.247,0.169,720096.0,24.49,0.151,1324.798,0.0,0.0,0.0,0.0,0.0,0.0,0.0,0.0,0.0,0.0,0.0,0.0,0.0,0.0,0.0,0.0,5099942.583,0.001,0.001,0.001,0.001,0.001,57.247,0.169,24.49,0.151,0.088,150000.0,5099999.831,5099942.583,0.0,57.416,1.96078431372549e-10,0.0,0.0,,0.0,0.0,0.0294117656805084,0.0,0.0,0.0,0.0,20.0,0.75,1.0,6.456,1.0774775501691547,0.39588024041061104,0.24298083435805556,0.008347224807141621,0.003526671052145418,0.0
median,55.0,0.0,55.0,34.0,1.0,0.0,55.0,0.0,720096.0,23.0,0.0,1267.0,0.0,0.0,0.0,0.0,0.0,0.0,0.0,0.0,0.0,0.0,0.0,0.0,0.0,0.0,0.0,0.0,5099945.0,0.0,0.0,0.0,0.0,0.0,55.0,0.0,23.0,0.0,0.0,150000.0,5100000.0,5099945.0,0.0,55.0,0.0,0.0,0.0,,0.0,0.0,0.029411764705882353,0.0,0.0,0.0,0.0,20.0,0.75,1.0,6.0,1.05056671052862,0.31491601483292747,0.0,0.0,0.0,0.0
std,15.806167971584573,0.0,15.806167971584573,10.515178028401087,1.3652160322874964,0.6948977499480645,15.731034818360058,0.42499367009359046,0.0,7.240187864988058,0.40294089065440025,385.6046370729119,0.0,0.0,0.0,0.0,0.0,0.0,0.0,0.0,0.0,0.0,0.0,0.0,0.0,0.0,0.0,0.0,15.806167971584571,0.03162277660168379,0.03162277660168379,0.03162277660168379,0.03162277660168379,0.03162277660168379,15.731034818360058,0.42499367009359046,7.240187864988058,0.40294089065440025,2.782804340948174,0.0,0.4249936700935905,15.806167971584571,0.0,15.804009323925076,6.200544431702704e-09,0.0,0.0,,0.0,0.0,2.4509445630511867e-09,0.0,0.0,0.0,0.0,20.0,0.75,1.0,2.6933369636939233,0.38954748948802614,0.34066490862256377,0.5464563210867326,0.10102154043696808,0.083021623751686,0.0
