,cum_infections,cum_reinfections,cum_infectious,cum_symptomatic,cum_severe,cum_critical,cum_recoveries,cum_deaths,cum_tests,cum_diagnoses,cum_known_deaths,cum_quarantined,cum_vaccinations,cum_vaccinated,new_infections,new_reinfections,new_infectious,new_symptomatic,new_severe,new_critical,new_recoveries,new_deaths,new_tests,new_diagnoses,new_known_deaths,new_quarantined,new_vaccinations,new_vaccinated,n_susceptible,n_exposed,n_infectious,n_symptomatic,n_severe,n_critical,n_recovered,n_dead,n_diagnosed,n_known_dead,n_quarantined,n_vaccinated,n_alive,n_naive,n_preinfectious,n_removed,prevalence,incidence,r_eff,doubling_time,test_yield,rel_test_yield,frac_vaccinated,pop_nabs,pop_protection,pop_symp_protection,iq_factor,cluster_size,vax_coverage,vax_efficacy,day_max_new_infections,r_eff_07,r_eff_15,r_eff_30,r_eff_60,r_eff_75,r_eff_90
mean,50.081,0.0,50.076,11.0,0.0,0.0,50.052,0.0,720096.0,7.67,0.0,398.623,0.0,0.0,0.002,0.0,0.0,0.0,0.0,0.0,0.007,0.0,0.0,0.0,0.0,0.0,0.0,0.0,5099949.919,0.029,0.024,0.0,0.0,0.0,50.052,0.0,7.67,0.0,0.029,200000.0,5100000.0,5099949.919,0.005,50.052,5.686274509803919e-09,3.9216670536044825e-10,0.015343734656265345,30.0,0.0,0.0,0.03921568627450968,0.0,0.0,0.0,0.0,20.0,1.0,0.85,7.786,0.6432286907225369,0.3976218598680282,0.3412340352736326,0.07959662358026828,0.030308270184066656,0.004994357804152671
median,42.0,0.0,42.0,11.0,0.0,0.0,42.0,0.0,720096.0,8.0,0.0,407.0,0.0,0.0,0.0,0.0,0.0,0.0,0.0,0.0,0.0,0.0,0.0,0.0,0.0,0.0,0.0,0.0,5099958.0,0.0,0.0,0.0,0.0,0.0,42.0,0.0,8.0,0.0,0.0,200000.0,5100000.0,5099958.0,0.0,42.0,0.0,0.0,0.0,30.0,0.0,0.0,0.0392156862745098,0.0,0.0,0.0,0.0,20.0,1.0,0.85,6.0,0.6287043910227157,0.30632379553899014,0.0,0.0,0.0,0.0
std,25.159679021172913,0.0,25.14805456985985,0.0,0.0,0.0,25.077563282348233,0.0,0.0,1.6534309280504687,0.0,97.03940187633329,0.0,0.0,0.0632455532033676,0.0,0.0,0.0,0.0,0.0,0.08341437500789631,0.0,0.0,0.0,0.0,0.0,0.0,0.0,25.159679021172913,0.3439146366139093,0.3090623230345613,0.0,0.0,0.0,25.077563282348233,0.0,1.6534309280504687,0.0,0.91706052144883,0.0,0.0,25.159679021172913,0.08355825501996787,25.077563282348233,6.743424247331555e-08,1.2401400114231808e-08,0.4852114932705926,0.0,0.0,0.0,1.38847319102294e-17,0.0,0.0,0.0,0.0,20.0,1.0,0.85,6.384215221936053,0.270243703903288,0.36666258788331163,0.6539645723834551,0.48239704607467854,0.2552307607692849,0.0910105442732652
