,cum_infections,cum_reinfections,cum_infectious,cum_symptomatic,cum_severe,cum_critical,cum_recoveries,cum_deaths,cum_tests,cum_diagnoses,cum_known_deaths,cum_quarantined,cum_vaccinations,cum_vaccinated,new_infections,new_reinfections,new_infectious,new_symptomatic,new_severe,new_critical,new_recoveries,new_deaths,new_tests,new_diagnoses,new_known_deaths,new_quarantined,new_vaccinations,new_vaccinated,n_susceptible,n_exposed,n_infectious,n_symptomatic,n_severe,n_critical,n_recovered,n_dead,n_diagnosed,n_known_dead,n_quarantined,n_vaccinated,n_alive,n_naive,n_preinfectious,n_removed,prevalence,incidence,r_eff,doubling_time,test_yield,rel_test_yield,frac_vaccinated,pop_nabs,pop_protection,pop_symp_protection,iq_factor,cluster_size,vax_coverage,vax_efficacy,day_max_new_infections,r_eff_07,r_eff_15,r_eff_30,r_eff_60,r_eff_75,r_eff_90
mean,45.646,0.0,45.646,23.495,0.808,0.233,45.555,0.091,720096.0,16.238,0.083,897.859,0.0,0.0,0.0,0.0,0.0,0.0,0.0,0.0,0.0,0.0,0.0,0.0,0.0,0.0,0.0,0.0,5099954.354,0.0,0.0,0.0,0.0,0.0,45.555,0.091,16.238,0.083,0.0,170000.0,5099999.909,5099954.354,0.0,45.646,0.0,0.0,0.0,,0.0,0.0,0.033333333928105356,0.0,0.0,0.0,0.0,20.0,0.85,0.95,6.059,0.7386371093754988,0.33279264121257607,0.21139574926551502,0.008714548139587752,0.0,0.0
median,44.0,0.0,44.0,22.0,1.0,0.0,44.0,0.0,720096.0,16.0,0.0,872.5,0.0,0.0,0.0,0.0,0.0,0.0,0.0,0.0,0.0,0.0,0.0,0.0,0.0,0.0,0.0,0.0,5099956.0,0.0,0.0,0.0,0.0,0.0,44.0,0.0,16.0,0.0,0.0,170000.0,5100000.0,5099956.0,0.0,44.0,0.0,0.0,0.0,,0.0,0.0,0.03333333333333333,0.0,0.0,0.0,0.0,20.0,0.85,0.95,5.0,0.7072829923139006,0.24211900652784973,0.0,0.0,0.0,0.0
std,11.518392134206811,0.0,11.518392134206811,5.732611781538834,0.9591955254566487,0.4929035949898864,11.481934062247953,0.3046503107036194,0.0,4.203930188410487,0.293593591887148,230.7357148104495,0.0,0.0,0.0,0.0,0.0,0.0,0.0,0.0,0.0,0.0,0.0,0.0,0.0,0.0,0.0,0.0,11.518392134206811,0.0,0.0,0.0,0.0,0.0,11.481934062247953,0.3046503107036194,4.203930188410487,0.293593591887148,0.0,0.0,0.30465031070361936,11.518392134206811,0.0,11.518392134206811,0.0,0.0,0.0,,0.0,0.0,1.9911789728544765e-09,0.0,0.0,0.0,0.0,20.0,0.85,0.95,2.747638804501057,0.30788695846642683,0.3314118131886838,0.6062417810918314,0.1379822375814481,0.0,0.0
